table_name,description
_20110214,
_20110218,
_20110303,
_20110307,
_20110309,
_20110317,
_20110322,
_20110419,
_20110428,
_20110514,
_20110523,
_20110530,
_20110227,
_20110310,
_20110316,
_20110326,
_20110330,
_20110408,
_20110416,
_20110420,
_20110512,
_20110612,
_20110622,
_20110721,
_20110801,
_20110804,
_20110817,
_20110907,
_20110910,
_20110917,
_20111114,
_20111124,
_20111207,
_20111219,
_20110527,
_20110627,
_20110722,
_20110807,
_20110823,
_20110828,
_20110405,
_20110219,
_20110410,
_20110604,
_20110620,
_20110918,
_20111019,
_20111222,
_20120416,
_20110521,
_20110609,
_20110611,
_20110726,
_20110730,
_20120509,
_20120816,
_20110830,
_20110909,
_20110922,
_20111003,
_20111008,
_20111018,
_20111020,
_20111121,
_20111125,
_20111203,
_20111205,
_20111213,
_20111228,
_20120106,
_20120110,
_20120111,
_20120202,
_20120206,
_20120220,
_20120226,
_20120314,
_20120327,
_20120402,
_20120422,
_20120503,
_20120506,
_20120528,
_20120601,
_20120616,
_20120627,
_20120628,
_20120630,
_20120702,
_20120707,
_20120710,
_20120717,
_20120722,
_20120725,
_20120803,
_20120804,
_20120823,
_20120828,
_20120829,
_20120902,
_20121006,
_20121011,
_20121013,
_20121022,
_20110928,
_20120214,
_20120218,
_20120401,
_20120515,
_20120715,
_20120720,
_20120908,
_20120924,
_20120921,
_20121023,
_20121024,
_20121028,
_20121105,
_20121111,
_20121121,
_20121201,
_20121209,
_20121225,
_20130107,
_20130228,
_20130311,
_20130316,
_20130412,
_20130509,
_20130512,
_20130626,
_20130716,
_20130721,
_20130730,
_20130828,
_20130909,
_20130911,
_20130929,
_20131002,
_20131014,
_20131021,
_20131029,
_20131102,
_20131103,
_20131203,
_20131209,
_20131222,
_20140120,
_20140126,
_20140319,
_20140405,
_20140419,
_20140702,
_20140921,
_20141102,
_20150513,
_20151228,
_20160417,
_20160711,
_20170808,
_20110814,
_20111004,
_20111014,
_20130522,
_20131026,
_20150425,
_20160512,
_20160625,
_20171128,
_20220221,
_20110924,
_20111001,
_20111104,
_20111215,
_20111223,
_20111227,
_20120101,
_20120102,
_20120307,
_20120308,
_20120323,
_20120330,
_20120331,
_20120407,
_20120507,
_20120512,
_20120514,
_20120529,
_20120607,
_20120611,
_20120613,
_20120614,
_20120615,
_20120704,
_20120711,
_20120731,
_20120809,
_20120814,
_20120820,
_20120830,
_20120903,
_20120907,
_20120915,
_20120919,
_20120929,
_20121007,
_20121031,
_20121119,
_20121125,
_20121126,
_20121208,
_20121213,
_20130116,
_20130122,
_20130206,
_20130208,
_20130302,
_20130327,
_20130328,
_20130406,
_20130408,
_20130416,
_20130421,
_20130422,
_20130506,
_20120629,
_20130118,
_20130414,
_20130418,
_20130405,
_20130513,
_20130515,
_20130524,
_20130625,
_20130713,
_20130714,
_20130722,
_20130724,
_20130726,
_20130807,
_20130816,
_20130831,
_20130901,
_20130907,
_20130912,
_20130915,
_20130919,
_20131003,
_20131005,
_20131007,
_20131028,
_20131105,
_20131108,
_20131113,
_20131114,
_20131120,
_20131204,
_20131207,
_20131210,
_20131211,
_20131215,
_20131219,
_20131223,
_20131227,
_20140101,
_20140103,
_20140104,
_20140111,
_20140112,
_20140123,
_20140127,
_20140211,
_20140219,
_20140220,
_20140223,
_20140225,
_20140226,
_20140227,
_20140303,
_20140305,
_20140306,
_20140309,
_20140310,
_20140312,
_20140315,
_20140322,
_20130718,
_20140330,
_20140402,
_20140420,
_20140422,
_20140425,
_20140505,
_20140510,
_20140518,
_20140524,
_20140525,
_20140528,
_20140601,
_20140604,
_20140609,
_20140614,
_20140620,
_20140630,
_20140703,
_20140715,
_20140716,
_20140728,
_20140731,
_20140803,
_20140805,
_20140808,
_20140810,
_20140811,
_20140827,
_20140829,
_20141007,
_20141008,
_20141013,
_20141017,
_20141019,
_20141020,
_20141023,
_20141030,
_20141103,
_20141104,
_20141106,
_20141109,
_20141130,
_20141201,
_20141207,
_20141211,
_20141214,
_20141217,
_20141224,
_20141227,
_20141229,
_20150104,
_20150110,
_20150114,
_20150115,
_20150120,
_20150122,
_20150123,
_20150130,
_20150201,
_20150202,
_20150203,
_20150213,
_20150214,
_20150224,
_20150227,
_20150302,
_20150306,
_20150309,
_20150315,
_20150325,
_20150331,
_20150401,
_20150411,
_20150412,
_20150423,
_20150426,
_20150519,
_20150520,
_20150521,
_20150530,
_20150604,
_20150606,
_20150622,
_20150627,
_20150701,
_20150707,
_20150710,
_20150711,
_20150714,
_20150720,
_20150722,
_20150725,
_20150731,
_20150801,
_20150810,
_20150816,
_20150903,
_20150917,
_20150918,
_20150921,
_20151018,
_20151019,
_20151030,
_20151103,
_20151112,
_20151113,
_20151115,
_20151118,
_20151122,
_20151124,
_20151125,
_20151209,
_20150804,
_20151006,
_20151221,
_20160110,
_20160116,
_20160117,
_20160118,
_20160120,
_20160126,
_20160205,
_20160208,
_20160211,
_20160212,
_20160213,
_20160216,
_20160219,
_20160227,
_20160306,
_20160320,
_20160321,
_20160329,
_20160410,
_20160411,
_20160412,
_20160423,
_20160504,
_20160506,
_20160507,
_20160529,
_20160602,
_20160701,
_20160707,
_20160714,
_20160722,
_20160805,
_20160806,
_20160819,
_20160905,
_20160906,
_20160929,
_20160930,
_20161002,
_20161024,
_20161105,
_20161106,
_20161108,
_20161111,
_20161120,
_20161127,
_20161203,
_20161205,
_20161209,
_20161223,
_20170111,
_20170113,
_20170121,
_20170124,
_20170131,
_20170202,
_20170206,
_20170221,
_20170224,
_20170225,
_20170227,
_20170316,
_20170323,
_20170331,
_20170423,
_20170507,
_20170530,
_20170603,
_20170608,
_20170621,
_20170701,
_20170706,
_20170707,
_20170708,
_20170728,
_20170806,
_20170811,
_20170813,
_20170913,
_20170927,
_20170929,
_20171005,
_20171008,
_20171026,
_20171031,
_20171112,
_20171125,
_20171126,
_20171215,
_20171219,
_20171230,
_20180101,
_20180105,
_20180126,
_20180203,
_20180206,
_20180210,
_20180226,
_20180312,
_20180323,
_20180326,
_20180328,
_20180412,
_20180421,
_20180505,
_20180607,
_20180609,
_20180616,
_20180620,
_20180626,
_20180702,
_20180709,
_20180723,
_20180805,
_20171111,
_20180814,
_20180819,
_20180820,
_20180824,
_20180909,
_20181011,
_20181013,
_20181101,
_20181105,
_20181119,
_20181225,
_20190121,
_20190126,
_20190216,
_20190219,
_20190301,
_20190304,
_20190326,
_20190421,
_20190426,
_20190527,
_20190601,
_20190622,
_20190704,
_20190712,
_20190714,
_20190715,
_20190719,
_20190725,
_20190727,
_20190806,
_20190810,
_20191010,
_20191110,
_20191202,
_20191210,
_20200102,
_20200110,
_20200114,
_20200206,
_20200207,
_20200209,
_20200210,
_20200226,
_20200406,
_20200414,
_20200430,
_20200503,
_20200530,
_20200605,
_20200607,
_20200611,
_20200615,
_20200703,
_20200714,
_20200731,
_20200806,
_20200810,
_20200901,
_20200903,
_20200904,
_20200911,
_20200919,
_20200927,
_20200929,
_20201017,
_20201029,
_20201122,
_20201125,
_20201217,
_20201224,
_20201229,
_20210121,
_20210217,
_20210220,
_20210306,
_20210315,
_20210318,
_20210329,
_20210606,
_20210618,
_20210715,
_20210728,
_20210817,
_20210919,
_20210920,
_20211020,
_20211021,
_20211023,
_20211112,
_20211117,
_20211123,
_20211127,
_20211207,
_20211229,
_20220102,
_20220109,
_20220118,
_20220204,
_20220307,
_20220318,
_20220319,
_20220420,
_20120221,
_20120525,
_20120831,
_20130103,
_20130108,
_20130428,
_20130710,
_20130711,
_20130731,
_20130818,
_20201203,
_20220510,
_20130820,
_20130918,
_20131024,
_20131126,
_20131201,
_20131228,
_20140105,
_20140125,
_20140130,
_20140217,
_20140324,
_20140331,
_20140404,
_20140411,
_20140413,
_20140521,
_20140602,
_20140617,
_20140718,
_20140813,
_20140904,
_20141006,
_20141021,
_20141026,
_20141029,
_20141120,
_20150105,
_20150125,
_20150223,
_20150307,
_20150320,
_20150322,
_20150403,
_20150410,
_20150413,
_20150419,
_20150503,
_20150510,
_20150523,
_20150602,
_20150616,
_20150618,
_20150709,
_20150726,
_20150807,
_20150908,
_20150927,
_20150928,
_20151020,
_20151022,
_20151106,
_20151107,
_20151108,
_20151121,
_20151201,
_20160108,
_20150613,
_20160105,
_20160111,
_20160112,
_20160115,
_20160129,
_20160131,
_20160202,
_20160210,
_20160223,
_20160301,
_20160304,
_20160305,
_20160309,
_20160326,
_20160520,
_20160524,
_20160526,
_20160604,
_20160612,
_20160618,
_20160621,
_20160622,
_20160626,
_20160716,
_20160727,
_20160812,
_20160825,
_20160828,
_20160829,
_20160830,
_20160903,
_20160910,
_20160916,
_20160918,
_20160920,
_20161009,
_20161013,
_20161121,
_20161122,
_20161123,
_20161206,
_20161217,
_20161230,
_20170104,
_20170106,
_20170115,
_20170116,
_20170119,
_20170205,
_20170212,
_20170228,
_20170307,
_20170308,
_20170310,
_20170320,
_20170321,
_20170326,
_20160709,
_20170402,
_20170408,
_20170409,
_20170410,
_20170422,
_20170424,
_20170426,
_20170504,
_20170512,
_20170521,
_20170522,
_20170523,
_20170605,
_20170607,
_20170610,
_20170622,
_20170624,
_20170627,
_20170709,
_20170711,
_20170712,
_20170714,
_20170717,
_20170721,
_20170722,
_20170724,
_20170729,
_20170901,
_20170902,
_20170904,
_20170920,
_20170928,
_20171016,
_20171022,
_20171102,
_20171105,
_20171121,
_20171123,
_20171201,
_20171202,
_20171203,
_20171207,
_20171218,
_20171227,
_20180106,
_20180119,
_20180123,
_20180127,
_20180130,
_20180214,
_20180222,
_20180301,
_20180302,
_20180313,
_20180320,
_20180325,
_20180411,
_20180415,
_20180416,
_20180419,
_20180420,
_20180423,
_20180425,
_20180518,
_20180525,
_20180531,
_20180601,
_20180608,
_20180610,
_20180614,
_20180619,
_20180627,
_20180628,
_20180703,
_20180706,
_20180708,
_20180711,
_20180712,
_20180717,
_20180720,
_20180722,
_20180801,
_20180812,
_20180817,
_20180823,
_20180908,
_20181007,
_20181022,
_20181024,
_20181107,
_20181112,
_20181116,
_20181123,
_20181124,
_20181126,
_20181202,
_20181206,
_20181216,
_20181223,
_20181230,
_20190106,
_20190112,
_20190128,
_20190202,
_20190209,
_20190221,
_20190223,
_20190308,
_20190316,
_20190317,
_20190318,
_20190331,
_20190409,
_20190410,
_20190408,
_20190413,
_20190414,
_20190416,
_20190422,
_20190509,
_20190519,
_20190520,
_20190522,
_20190602,
_20190615,
_20190616,
_20190623,
_20190627,
_20190629,
_20190701,
_20190708,
_20190709,
_20190716,
_20190718,
_20190731,
_20190805,
_20190811,
_20190912,
_20190923,
_20190927,
_20191008,
_20191012,
_20191016,
_20191021,
_20191027,
_20191030,
_20191216,
_20191220,
_20191229,
_20200101,
_20200108,
_20200109,
_20200129,
_20200203,
_20200217,
_20200218,
_20200219,
_20200228,
_20200306,
_20200307,
_20200312,
_20200314,
_20200328,
_20200331,
_20200405,
_20200407,
_20200409,
_20200410,
_20200417,
_20200424,
_20200512,
_20200513,
_20191128,
_20200515,
_20200524,
_20200525,
_20200527,
_20200604,
_20200609,
_20200624,
_20200627,
_20200715,
_20200717,
_20200726,
_20200803,
_20200804,
_20200816,
_20200824,
_20200828,
_20200902,
_20200920,
_20201005,
_20201023,
_20201114,
_20201205,
_20201207,
_20201231,
_20210101,
_20210115,
_20210128,
_20210130,
_20210131,
_20210204,
_20210213,
_20210214,
_20210303,
_20210314,
_20210319,
_20210320,
_20210322,
_20210325,
_20210326,
_20210401,
_20210408,
_20210412,
_20210414,
_20210418,
_20210422,
_20210503,
_20210512,
_20210514,
_20210518,
_20210611,
_20210707,
_20210710,
_20210717,
_20210722,
_20210723,
_20210726,
_20210727,
_20210730,
_20210731,
_20210805,
_20210809,
_20210810,
_20210822,
_20210823,
_20210827,
_20210903,
_20210904,
_20210907,
_20210909,
_20210918,
_20210928,
_20210930,
_20211001,
_20211003,
_20211004,
_20211013,
_20211014,
_20211017,
_20211102,
_20211122,
_20211218,
_20211221,
_20220101,
_20220106,
_20220112,
_20220114,
_20220116,
_20220119,
_20220121,
_20220124,
_20220131,
_20220208,
_20220209,
_20220214,
_20220216,
_20220228,
_20220301,
_20220309,
_20220317,
_20220330,
_20220422,
_20220429,
_20140613,
_20140721,
_20150721,
_20151002,
_20160521,
_20160724,
_20160824,
_20161011,
_20170103,
_20170110,
_20170203,
_20170312,
_20170715,
_20170824,
_20171028,
_20171130,
_20180107,
_20180113,
_20180527,
_20180715,
_20190203,
_20190323,
_20190510,
_20190528,
_20190605,
_20190619,
_20190706,
_20190721,
_20190807,
_20190816,
_20190930,
_20191015,
_20191117,
_20191118,
_20191223,
_20191224,
_20200126,
_20200421,
_20200504,
_20200520,
_20200522,
_20200606,
_20200909,
_20201002,
_20201119,
_20201223,
_20210207,
_20210309,
_20210312,
_20210426,
_20210623,
_20210627,
_20210713,
_20210828,
_20210915,
_20211208,
_20220108,
_20220206,
_20220218,
_20220412,
_20220502,
_20200128,
_20200519,
_20201210,
_20210506,
_20210804,
_20220426,
_20220511,
_20210520,
_20220523,
_20220527,
_20220528,
_20220601,
_20220602,
_20220603,
_20220604,
_20220612,
_20220614,
_20220622,
_20220626,
_20220628,
_20220703,
_20220709,
_20220715,
_20220805,
_20220806,
_20220815,
_20220817,
_20220821,
_20220822,
_20220828,
_20220831,
_20220903,
_20220906,
_20220912,
_20220917,
_20220919,
_20220920,
_20220925,
_20220927,
_20221002,
_20221004,
_20221008,
_20221010,
_20221015,
_20221028,
_20221104,
_20221109,
_20221125,
_20221127,
_20221202,
_20221216,
_20221217,
_20221222,
_20221224,
_20221229,
_20230101,
_20230105,
_20230106,
_20230109,
_20230111,
_20230116,
_20230117,
_20230120,
_20230122,
_20221119,
_20221130,
_20221205,
_20230123,
_20230125,
_20230126,
_20230130,
_20230131,
_20230202,
_20230206,
_20230208,
_20230212,
_20230213,
_20230215,
_20230219,
_20230221,
_20230225,
_20230226,
_20230227,
_20230306,
_20230307,
_20230309,
_20230312,
_20230326,
_20230328,
_20230330,
_20230402,
_20230404,
_20230409,
_20230411,
_20230416,
_20230417,
_20230423,
_20230426,
_20230427,
_20230428,
_20230429,
_20230430,
_20230501,
_20230503,
_20230504,
_20230515,
_20230520,
_20230525,
_20230526,
_20230528,
_20230608,
_20230609,
_20230619,
_20230624,
_20230627,
_20230720,
_20230725,
_20230729,
_20230730,
_20230731,
_20230801,
_20230803,
_20230806,
_20230808,
_20230810,
_20230820,
_20230823,
_20230824,
_20230830,
_20230831,
_20230902,
_20230903,
_20230907,
_20230914,
_20230920,
_20230927,
_20230929,
_20230930,
_20231006,
_20231008,
_20231011,
_20231028,
_20231031,
_20231112,
_20231114,
_20231120,
_20231202,
_20231204,
_20231206,
_20231207,
_20231210,
_20231212,
_20231215,
_20231217,
_20231220,
_20231221,
_20231225,
_20231226,
_20231227,
_20231231,
_20240103,
_20240109,
_20240110,
_20240117,
_20240119,
_20240121,
_20240128,
_20240201,
_20240202,
_20240204,
_20240206,
_20240208,
_20240212,
_20240213,
_20240217,
_20240302,
_20240310,
_20240311,
_20240313,
_20240317,
_20240321,
_20240403,
_20240404,
_20240409,
_20240412,
_20240422,
_20240427,
_20240506,
_20240507,
_20240511,
_20240512,
_20240516,
_20240520,
_20240526,
_20240529,
_20240602,
_20240607,
_20240614,
_20240622,
_20240701,
_20240704,
_20240710,
_20240713,
_20240716,
_20240719,
_20240730,
_20240801,
_20240804,
_20240810,
_20240817,
_20240830,
_20240904,
_20240910,
_20240911,
_20240912,
_20240913,
_20240918,
_20240920,
_20240922,
_20240923,
_20240927,
_20241008,
_20241009,
_20241016,
_20241020,
_20221214,
_20230203,
_20230418,
_20230614,
_20230615,
_20230620,
_20230704,
_20230804,
_20231002,
_20231009,
_20231019,
_20231106,
_20231109,
_20231211,
_20231216,
_20231224,
_20231229,
_20240223,
_20240328,
_20240423,
_20240522,
_20240531,
_20240621,
_20240728,
_20240812,
_20241002,
_20110212,
_20110213,
_20110228,
_20110301,
_20110313,
_20110319,
_20110321,
_20110415,
_20110522,
_20110605,
_20110719,
_20110225,
_20110531,
_20110606,
_20110607,
_20110623,
_20110723,
_20110729,
_20110808,
_20110820,
_20110824,
_20110913,
_20111112,
_20111128,
_20120321,
_20120914,
_20110325,
_20110424,
_20110511,
_20110717,
_20110731,
_20110805,
_20110813,
_20110906,
_20110919,
_20111021,
_20110221,
_20110314,
_20111102,
_20110331,
_20110401,
_20110417,
_20110503,
_20110517,
_20120316,
_20120604,
_20141216,
_20110529,
_20110613,
_20110624,
_20110826,
_20110916,
_20110921,
_20111012,
_20110626,
_20120115,
_20120210,
_20111119,
_20111123,
_20111126,
_20111127,
_20111130,
_20111212,
_20111221,
_20111224,
_20120105,
_20120123,
_20120131,
_20120224,
_20120302,
_20120311,
_20120319,
_20120326,
_20120417,
_20120426,
_20120428,
_20120505,
_20120517,
_20120522,
_20120526,
_20120530,
_20120602,
_20120610,
_20120621,
_20120624,
_20120708,
_20120728,
_20120805,
_20120810,
_20120922,
_20120928,
_20121015,
_20121103,
_20121123,
_20130101,
_20130117,
_20130120,
_20130618,
_20130627,
_20130704,
_20130709,
_20130806,
_20130925,
_20120127,
_20120215,
_20120427,
_20120501,
_20120623,
_20120705,
_20120806,
_20120817,
_20120825,
_20120918,
_20130201,
_20120418,
_20131001,
_20131008,
_20131031,
_20131122,
_20131202,
_20131225,
_20140210,
_20140301,
_20140320,
_20140407,
_20140504,
_20140802,
_20140919,
_20150111,
_20150210,
_20150316,
_20150408,
_20150605,
_20150824,
_20150901,
_20150925,
_20160330,
_20160418,
_20160503,
_20160925,
_20161208,
_20110811,
_20110923,
_20110925,
_20111007,
_20111106,
_20111109,
_20111208,
_20111209,
_20111211,
_20120107,
_20120120,
_20120128,
_20120205,
_20120208,
_20120209,
_20120304,
_20120305,
_20120309,
_20120310,
_20120414,
_20120520,
_20120609,
_20120617,
_20120626,
_20120706,
_20120712,
_20120802,
_20120815,
_20160121,
_20120129,
_20120404,
_20120906,
_20120926,
_20121004,
_20121005,
_20121008,
_20121010,
_20121021,
_20121025,
_20121026,
_20121030,
_20121115,
_20121117,
_20121214,
_20121215,
_20121218,
_20121223,
_20130106,
_20130109,
_20130112,
_20130114,
_20130126,
_20130129,
_20130202,
_20130221,
_20130222,
_20130223,
_20130320,
_20130321,
_20130323,
_20130402,
_20130407,
_20130415,
_20130424,
_20130507,
_20130518,
_20130526,
_20130607,
_20130612,
_20130624,
_20130628,
_20130630,
_20130723,
_20130725,
_20130803,
_20130804,
_20130809,
_20130811,
_20130819,
_20130825,
_20130826,
_20130830,
_20130902,
_20130905,
_20121104,
_20130105,
_20130301,
_20130802,
_20130829,
_20130914,
_20130917,
_20130930,
_20131011,
_20131017,
_20131027,
_20131110,
_20131117,
_20131119,
_20131125,
_20131214,
_20131221,
_20131224,
_20131229,
_20140102,
_20140107,
_20140124,
_20140212,
_20140216,
_20140218,
_20140224,
_20140228,
_20140302,
_20140311,
_20140314,
_20140316,
_20140321,
_20140415,
_20140421,
_20140423,
_20140428,
_20140429,
_20140508,
_20140515,
_20140517,
_20140519,
_20140606,
_20140611,
_20140612,
_20140624,
_20140625,
_20140707,
_20140730,
_20140801,
_20140807,
_20140809,
_20140816,
_20140825,
_20140902,
_20140911,
_20140912,
_20140915,
_20140920,
_20140924,
_20140928,
_20140929,
_20140307,
_20141001,
_20141002,
_20141004,
_20141014,
_20141015,
_20141018,
_20141024,
_20141027,
_20141117,
_20141118,
_20141204,
_20141206,
_20141221,
_20141222,
_20141223,
_20141226,
_20150102,
_20150103,
_20150107,
_20150127,
_20150304,
_20150310,
_20150311,
_20150318,
_20150414,
_20150415,
_20150424,
_20150430,
_20150501,
_20150505,
_20150508,
_20150514,
_20150527,
_20150603,
_20150704,
_20150705,
_20150719,
_20150730,
_20150809,
_20150811,
_20150815,
_20150817,
_20150904,
_20150911,
_20151001,
_20151017,
_20151101,
_20151128,
_20151129,
_20151130,
_20151204,
_20151206,
_20151213,
_20151215,
_20151219,
_20160101,
_20160102,
_20160119,
_20160215,
_20160224,
_20160303,
_20160314,
_20160315,
_20160317,
_20160318,
_20160319,
_20160405,
_20160413,
_20160424,
_20160428,
_20160501,
_20160510,
_20160511,
_20160513,
_20160517,
_20160522,
_20160531,
_20160603,
_20160605,
_20160610,
_20160611,
_20160614,
_20160710,
_20160715,
_20160721,
_20160723,
_20160808,
_20160909,
_20160914,
_20160927,
_20161003,
_20161007,
_20161012,
_20161014,
_20161017,
_20161018,
_20161026,
_20161029,
_20161107,
_20161110,
_20161112,
_20161115,
_20161224,
_20161229,
_20170102,
_20170117,
_20170208,
_20170219,
_20170220,
_20170222,
_20170301,
_20170327,
_20160804,
_20161030,
_20170309,
_20170407,
_20170411,
_20170501,
_20170525,
_20170529,
_20170602,
_20170614,
_20170623,
_20170625,
_20170702,
_20170719,
_20170730,
_20170815,
_20170819,
_20170821,
_20170918,
_20170921,
_20170923,
_20171003,
_20171010,
_20171013,
_20171018,
_20171101,
_20171106,
_20171114,
_20171212,
_20171214,
_20171221,
_20171226,
_20171228,
_20171229,
_20180110,
_20180120,
_20180122,
_20180221,
_20180227,
_20180308,
_20180309,
_20180427,
_20180502,
_20180508,
_20180513,
_20180520,
_20180530,
_20180602,
_20180604,
_20180606,
_20180611,
_20180701,
_20180725,
_20180731,
_20180825,
_20180828,
_20180907,
_20171117,
_20180605,
_20180726,
_20180830,
_20180910,
_20180916,
_20180928,
_20181014,
_20181023,
_20181027,
_20181028,
_20181129,
_20181213,
_20181226,
_20190114,
_20190115,
_20190124,
_20190206,
_20190215,
_20190222,
_20190324,
_20190404,
_20190407,
_20190411,
_20190418,
_20190609,
_20190624,
_20190626,
_20190813,
_20190814,
_20190818,
_20190827,
_20190828,
_20190830,
_20190911,
_20190920,
_20190922,
_20191002,
_20191104,
_20191105,
_20191106,
_20191108,
_20191111,
_20191124,
_20191129,
_20191207,
_20191231,
_20200105,
_20200122,
_20200131,
_20200220,
_20200401,
_20200420,
_20200612,
_20200614,
_20200616,
_20200620,
_20200621,
_20181009,
_20191227,
_20200510,
_20200721,
_20200725,
_20200825,
_20200829,
_20200906,
_20200914,
_20200915,
_20200924,
_20200930,
_20201003,
_20201007,
_20201026,
_20201027,
_20201105,
_20201121,
_20201129,
_20201226,
_20210104,
_20210105,
_20210108,
_20210118,
_20210203,
_20210602,
_20210605,
_20210616,
_20210621,
_20210625,
_20210718,
_20210829,
_20210908,
_20211011,
_20211025,
_20211104,
_20211119,
_20211130,
_20220115,
_20220202,
_20220213,
_20220217,
_20220224,
_20220225,
_20220316,
_20220320,
_20220405,
_20220410,
_20220418,
_20220501,
_20220503,
_20120322,
_20120603,
_20120703,
_20120819,
_20121122,
_20130207,
_20130306,
_20130404,
_20210501,
_20211222,
_20130501,
_20130519,
_20130531,
_20130808,
_20131004,
_20131023,
_20131129,
_20131216,
_20131218,
_20140203,
_20140313,
_20140409,
_20140426,
_20140514,
_20140621,
_20140705,
_20140710,
_20140724,
_20140815,
_20140918,
_20140926,
_20141011,
_20141110,
_20141116,
_20141119,
_20141127,
_20141213,
_20141228,
_20150109,
_20150207,
_20150208,
_20150303,
_20150317,
_20150328,
_20150406,
_20150416,
_20150506,
_20150528,
_20150529,
_20150608,
_20150617,
_20150702,
_20150708,
_20150716,
_20150717,
_20150803,
_20150806,
_20150808,
_20150813,
_20150913,
_20151110,
_20151116,
_20151205,
_20151207,
_20151210,
_20150729,
_20151117,
_20151222,
_20151227,
_20160103,
_20160106,
_20160107,
_20160109,
_20160128,
_20160201,
_20160207,
_20160324,
_20160416,
_20160514,
_20160525,
_20160528,
_20160530,
_20160607,
_20160624,
_20160729,
_20160803,
_20160810,
_20160817,
_20160901,
_20160908,
_20160912,
_20160928,
_20161019,
_20161020,
_20161103,
_20161125,
_20161129,
_20161207,
_20161211,
_20170122,
_20170130,
_20170216,
_20170329,
_20170330,
_20170415,
_20170417,
_20170421,
_20170515,
_20170611,
_20170615,
_20170616,
_20170703,
_20170718,
_20170720,
_20170727,
_20170801,
_20170802,
_20170804,
_20170810,
_20170818,
_20170829,
_20170906,
_20170910,
_20170911,
_20170620,
_20170926,
_20171006,
_20171012,
_20171019,
_20171027,
_20171104,
_20171118,
_20171120,
_20171124,
_20171204,
_20171206,
_20171208,
_20171220,
_20180102,
_20180118,
_20180125,
_20180218,
_20180223,
_20180304,
_20180310,
_20180315,
_20180318,
_20180327,
_20180330,
_20180331,
_20180402,
_20180417,
_20180429,
_20180507,
_20180515,
_20180517,
_20180522,
_20180617,
_20180622,
_20180707,
_20180713,
_20180718,
_20180809,
_20180810,
_20180811,
_20180914,
_20180920,
_20180925,
_20180927,
_20181004,
_20181006,
_20181015,
_20181018,
_20181103,
_20181118,
_20181125,
_20181208,
_20181210,
_20181211,
_20181221,
_20181228,
_20181231,
_20190102,
_20190108,
_20190110,
_20190117,
_20190118,
_20190127,
_20190205,
_20190207,
_20190210,
_20190211,
_20190213,
_20190217,
_20190224,
_20190312,
_20190401,
_20190415,
_20190420,
_20190423,
_20190429,
_20190511,
_20190516,
_20190517,
_20190521,
_20190604,
_20190610,
_20190617,
_20190628,
_20190702,
_20190703,
_20190724,
_20190730,
_20190801,
_20190802,
_20190804,
_20190817,
_20190825,
_20190826,
_20190902,
_20190915,
_20191004,
_20191005,
_20191020,
_20191115,
_20191121,
_20191130,
_20191204,
_20191206,
_20191215,
_20191217,
_20191226,
_20191228,
_20200107,
_20200112,
_20200125,
_20200130,
_20200201,
_20191026,
_20200104,
_20200221,
_20200229,
_20200301,
_20200316,
_20200317,
_20200318,
_20200320,
_20200323,
_20200325,
_20200402,
_20200403,
_20200408,
_20200415,
_20200423,
_20200427,
_20200429,
_20200505,
_20200511,
_20200517,
_20200521,
_20200602,
_20200610,
_20200622,
_20200628,
_20200707,
_20200709,
_20200712,
_20200723,
_20200724,
_20200817,
_20200821,
_20200826,
_20200913,
_20201009,
_20201018,
_20201019,
_20201020,
_20201021,
_20201022,
_20201102,
_20201107,
_20201123,
_20201220,
_20201227,
_20201230,
_20210109,
_20210129,
_20210215,
_20210218,
_20210219,
_20210308,
_20210311,
_20210328,
_20210331,
_20210409,
_20210221,
_20210410,
_20210417,
_20210429,
_20210507,
_20210509,
_20210522,
_20210524,
_20210527,
_20210531,
_20210601,
_20210610,
_20210612,
_20210613,
_20210630,
_20210702,
_20210704,
_20210709,
_20210716,
_20210719,
_20210724,
_20210729,
_20210802,
_20210811,
_20210812,
_20210901,
_20210913,
_20210914,
_20210917,
_20211002,
_20211015,
_20211029,
_20211105,
_20211109,
_20211114,
_20211115,
_20211129,
_20211205,
_20211215,
_20211219,
_20211220,
_20211231,
_20220103,
_20220107,
_20220127,
_20220201,
_20220211,
_20220305,
_20220324,
_20220326,
_20220406,
_20220407,
_20220411,
_20220428,
_20220509,
_20220513,
_20150121,
_20150128,
_20150706,
_20220421,
_20150823,
_20150909,
_20150922,
_20160222,
_20160307,
_20160404,
_20160430,
_20160615,
_20161016,
_20170306,
_20170414,
_20170814,
_20171213,
_20180225,
_20180623,
_20180802,
_20180821,
_20180917,
_20180926,
_20190228,
_20190425,
_20190515,
_20190525,
_20190711,
_20190809,
_20190901,
_20191028,
_20200330,
_20200418,
_20200623,
_20200629,
_20200807,
_20200814,
_20200830,
_20201004,
_20201206,
_20201222,
_20210201,
_20210321,
_20210323,
_20210420,
_20210421,
_20210428,
_20210528,
_20210622,
_20210816,
_20210922,
_20211016,
_20211101,
_20211108,
_20211203,
_20220105,
_20220129,
_20220207,
_20220219,
_20170812,
_20210413,
_20220321,
_20220323,
_20220329,
_20220401,
_20150623,
_20210830,
_20211214,
_20220117,
_20220404,
_20220512,
_20211216,
_20220514,
_20220515,
_20220517,
_20220521,
_20220607,
_20220610,
_20220613,
_20220619,
_20220620,
_20220623,
_20220627,
_20220704,
_20220711,
_20220718,
_20220720,
_20220722,
_20220725,
_20220728,
_20220801,
_20220808,
_20220811,
_20220812,
_20220823,
_20220829,
_20220901,
_20220902,
_20220904,
_20220908,
_20220909,
_20220915,
_20220916,
_20221006,
_20221007,
_20221009,
_20221012,
_20221014,
_20221017,
_20221019,
_20221024,
_20221025,
_20221029,
_20221102,
_20221107,
_20221112,
_20221113,
_20220618,
_20221105,
_20221116,
_20221207,
_20221210,
_20221212,
_20221219,
_20221223,
_20221228,
_20230104,
_20230108,
_20230110,
_20230112,
_20230114,
_20230115,
_20230124,
_20230204,
_20230209,
_20230210,
_20230211,
_20230220,
_20230224,
_20230228,
_20230301,
_20230302,
_20230315,
_20230318,
_20230319,
_20230320,
_20230322,
_20230327,
_20230331,
_20230406,
_20230408,
_20230413,
_20230414,
_20230415,
_20230420,
_20230422,
_20230510,
_20230512,
_20230517,
_20230518,
_20230522,
_20230523,
_20230524,
_20230531,
_20230602,
_20230603,
_20230606,
_20230628,
_20230702,
_20230706,
_20230717,
_20230718,
_20230723,
_20230818,
_20230819,
_20230905,
_20230908,
_20230909,
_20230910,
_20230913,
_20230915,
_20230919,
_20230922,
_20230923,
_20230926,
_20231001,
_20231003,
_20231007,
_20231018,
_20231022,
_20231025,
_20231026,
_20231027,
_20231029,
_20231101,
_20231104,
_20231107,
_20231111,
_20231118,
_20231122,
_20231123,
_20231125,
_20231126,
_20231129,
_20231201,
_20231213,
_20231214,
_20231218,
_20231219,
_20231222,
_20231223,
_20231228,
_20231230,
_20240102,
_20240105,
_20240107,
_20240111,
_20240112,
_20240113,
_20240118,
_20240127,
_20240129,
_20240131,
_20240203,
_20240211,
_20240215,
_20240225,
_20240226,
_20240304,
_20240315,
_20240316,
_20240318,
_20240324,
_20240326,
_20240407,
_20240410,
_20240414,
_20240418,
_20240424,
_20240425,
_20240426,
_20240428,
_20240503,
_20240513,
_20240519,
_20240524,
_20240525,
_20240601,
_20240609,
_20240615,
_20240618,
_20240619,
_20240624,
_20240629,
_20240703,
_20240705,
_20240708,
_20240711,
_20240721,
_20240722,
_20240725,
_20240727,
_20240808,
_20240813,
_20240815,
_20240819,
_20240821,
_20240825,
_20240831,
_20240909,
_20240919,
_20240925,
_20240926,
_20240928,
_20240929,
_20240930,
_20241004,
_20241013,
_20221021,
_20230802,
_20231023,
_20240104,
_20240108,
_20240309,
_20240323,
_20240415,
_20240421,
_20240718,
_20240805,
_20240510,
_20240917,
_20240907,
_20241019,
_20110215,
_20110224,
_20110305,
_20110308,
_20110315,
_20110318,
_20110323,
_20110328,
_20110504,
_20110508,
_20110525,
_20110615,
_20110302,
_20110304,
_20110320,
_20110327,
_20110421,
_20110425,
_20110426,
_20110507,
_20110515,
_20110524,
_20110625,
_20110629,
_20110630,
_20110702,
_20110709,
_20110718,
_20110810,
_20110825,
_20110920,
_20110930,
_20111204,
_20120112,
_20120923,
_20110413,
_20110505,
_20110518,
_20110720,
_20110324,
_20110418,
_20110430,
_20110516,
_20110617,
_20110711,
_20110727,
_20110911,
_20110926,
_20111029,
_20111113,
_20111118,
_20120130,
_20110406,
_20110412,
_20110414,
_20110404,
_20110716,
_20110520,
_20110603,
_20110616,
_20110618,
_20110621,
_20110707,
_20110710,
_20110806,
_20110816,
_20110829,
_20110902,
_20110905,
_20110912,
_20110927,
_20110929,
_20111002,
_20111005,
_20111013,
_20111017,
_20111025,
_20111026,
_20111030,
_20111103,
_20111107,
_20111115,
_20111116,
_20111117,
_20111120,
_20111129,
_20111202,
_20111218,
_20120114,
_20120116,
_20120117,
_20120119,
_20120121,
_20120207,
_20120313,
_20120320,
_20120420,
_20120502,
_20120605,
_20120619,
_20120713,
_20120714,
_20120719,
_20120729,
_20120801,
_20110901,
_20111022,
_20111217,
_20111225,
_20120125,
_20120318,
_20120423,
_20120424,
_20120519,
_20120608,
_20120811,
_20120812,
_20120813,
_20120818,
_20120824,
_20121009,
_20121016,
_20121106,
_20121108,
_20121124,
_20121202,
_20121205,
_20121212,
_20130127,
_20130128,
_20130130,
_20130209,
_20130213,
_20130216,
_20130224,
_20130304,
_20130317,
_20130318,
_20130326,
_20130329,
_20130330,
_20130510,
_20130514,
_20130523,
_20130527,
_20130601,
_20130609,
_20130610,
_20130615,
_20130703,
_20130706,
_20130923,
_20131018,
_20131101,
_20131104,
_20131112,
_20131116,
_20140131,
_20140329,
_20140503,
_20140627,
_20140706,
_20140804,
_20140917,
_20141215,
_20121101,
_20130204,
_20130411,
_20130604,
_20140906,
_20141125,
_20130131,
_20150108,
_20150217,
_20150407,
_20150601,
_20150625,
_20150812,
_20151004,
_20160114,
_20161015,
_20171217,
_20180111,
_20180116,
_20110831,
_20110904,
_20111210,
_20111220,
_20120122,
_20120213,
_20120222,
_20120228,
_20120306,
_20120405,
_20120413,
_20120419,
_20120521,
_20120618,
_20120625,
_20120716,
_20120721,
_20120827,
_20120909,
_20120916,
_20121012,
_20121019,
_20121020,
_20121029,
_20121107,
_20121110,
_20121116,
_20121118,
_20121128,
_20121129,
_20121203,
_20121204,
_20121206,
_20121210,
_20121216,
_20121217,
_20121224,
_20121230,
_20130119,
_20130121,
_20130124,
_20150829,
_20120730,
_20121002,
_20130104,
_20130110,
_20130125,
_20130205,
_20130211,
_20130218,
_20130227,
_20130308,
_20130312,
_20130313,
_20130319,
_20130324,
_20130331,
_20130401,
_20130409,
_20130417,
_20130425,
_20130505,
_20130520,
_20130529,
_20130530,
_20130602,
_20130614,
_20130708,
_20130729,
_20130801,
_20130813,
_20130815,
_20130821,
_20130822,
_20130823,
_20130908,
_20130928,
_20131006,
_20131010,
_20131013,
_20131016,
_20131025,
_20131106,
_20131109,
_20131115,
_20131123,
_20131124,
_20131128,
_20131212,
_20131217,
_20131230,
_20140106,
_20140117,
_20140121,
_20140122,
_20140128,
_20140129,
_20140206,
_20140221,
_20140222,
_20140304,
_20140308,
_20140215,
_20140323,
_20140327,
_20140408,
_20140410,
_20140412,
_20140414,
_20140417,
_20140418,
_20140424,
_20140427,
_20140430,
_20140501,
_20140502,
_20140511,
_20140512,
_20140513,
_20140516,
_20140522,
_20140526,
_20140529,
_20140616,
_20140619,
_20140628,
_20140629,
_20140701,
_20140711,
_20140712,
_20140713,
_20140714,
_20140717,
_20140722,
_20140812,
_20140823,
_20140824,
_20140828,
_20140910,
_20140913,
_20140914,
_20140922,
_20140925,
_20140930,
_20141003,
_20141010,
_20141107,
_20141108,
_20141112,
_20141114,
_20141121,
_20141123,
_20141209,
_20141212,
_20141218,
_20150119,
_20150204,
_20150305,
_20150330,
_20150106,
_20150301,
_20150417,
_20150429,
_20150512,
_20150524,
_20150525,
_20150609,
_20150614,
_20150615,
_20150619,
_20150620,
_20150626,
_20150628,
_20150629,
_20150723,
_20150724,
_20150728,
_20150805,
_20150826,
_20150915,
_20150916,
_20150919,
_20150923,
_20150930,
_20151005,
_20151013,
_20151021,
_20151025,
_20151026,
_20151027,
_20151031,
_20151120,
_20151211,
_20151214,
_20160123,
_20160124,
_20160203,
_20160204,
_20160218,
_20160225,
_20160228,
_20160229,
_20160316,
_20160322,
_20160325,
_20160409,
_20160415,
_20160421,
_20160427,
_20160609,
_20160619,
_20160703,
_20160705,
_20160712,
_20160713,
_20160719,
_20160720,
_20151218,
_20160807,
_20160818,
_20160821,
_20160904,
_20160907,
_20160919,
_20160923,
_20160926,
_20161005,
_20161006,
_20161008,
_20161023,
_20161028,
_20161124,
_20161130,
_20161210,
_20161216,
_20161221,
_20161222,
_20161231,
_20170120,
_20170127,
_20170302,
_20170322,
_20170328,
_20170405,
_20170418,
_20170428,
_20170430,
_20170502,
_20170513,
_20170514,
_20170609,
_20170705,
_20170803,
_20170828,
_20170908,
_20170914,
_20170925,
_20170930,
_20171007,
_20171024,
_20171030,
_20171109,
_20171122,
_20171205,
_20171211,
_20171222,
_20171224,
_20171231,
_20180103,
_20180201,
_20180211,
_20180212,
_20180215,
_20180219,
_20180401,
_20170503,
_20180403,
_20180407,
_20180410,
_20180413,
_20180424,
_20180430,
_20180501,
_20180503,
_20180521,
_20180615,
_20180621,
_20180624,
_20180714,
_20180721,
_20180827,
_20180903,
_20180904,
_20180918,
_20180922,
_20180923,
_20181016,
_20181026,
_20181029,
_20181104,
_20181114,
_20181117,
_20181205,
_20181209,
_20181217,
_20190120,
_20190306,
_20190307,
_20190309,
_20190313,
_20190319,
_20190330,
_20190402,
_20190405,
_20190419,
_20190428,
_20190501,
_20190508,
_20190523,
_20190608,
_20190612,
_20190618,
_20190621,
_20190705,
_20190720,
_20190722,
_20191007,
_20191102,
_20191125,
_20191126,
_20180409,
_20190907,
_20191119,
_20191211,
_20200216,
_20200321,
_20200514,
_20200526,
_20200630,
_20200730,
_20200813,
_20200819,
_20200823,
_20200925,
_20201006,
_20201013,
_20210111,
_20210120,
_20210123,
_20210127,
_20210208,
_20210211,
_20210216,
_20210304,
_20210330,
_20210403,
_20210427,
_20210430,
_20210513,
_20210517,
_20210525,
_20210604,
_20210614,
_20210703,
_20210711,
_20210814,
_20210925,
_20211103,
_20211106,
_20211121,
_20220110,
_20220130,
_20220306,
_20220424,
_20220427,
_20120920,
_20121001,
_20121221,
_20130113,
_20130226,
_20130426,
_20130504,
_20130603,
_20130611,
_20130616,
_20130705,
_20130720,
_20130814,
_20130906,
_20130922,
_20120917,
_20130924,
_20131111,
_20140119,
_20140326,
_20140610,
_20140704,
_20140720,
_20140726,
_20140814,
_20140819,
_20140821,
_20140826,
_20140831,
_20140908,
_20140916,
_20141016,
_20141028,
_20141031,
_20141111,
_20141113,
_20141122,
_20141210,
_20150101,
_20150126,
_20150211,
_20150219,
_20150220,
_20150221,
_20150222,
_20150323,
_20150405,
_20150420,
_20150422,
_20150427,
_20150502,
_20150511,
_20150516,
_20150607,
_20150712,
_20150713,
_20150818,
_20150821,
_20150822,
_20150905,
_20150907,
_20151012,
_20151102,
_20151105,
_20151109,
_20151119,
_20151202,
_20151203,
_20151224,
_20160104,
_20160122,
_20150802,
_20151015,
_20160221,
_20160226,
_20160310,
_20160328,
_20160407,
_20160422,
_20160425,
_20160515,
_20160516,
_20160518,
_20160523,
_20160620,
_20160623,
_20160629,
_20160702,
_20160814,
_20160815,
_20160816,
_20160820,
_20160902,
_20160911,
_20160915,
_20160917,
_20160922,
_20160924,
_20161022,
_20161025,
_20161027,
_20161031,
_20161109,
_20161202,
_20161213,
_20161214,
_20161215,
_20161218,
_20161219,
_20161225,
_20161226,
_20170108,
_20170123,
_20170125,
_20170213,
_20170217,
_20170218,
_20170303,
_20170304,
_20170305,
_20170311,
_20170313,
_20170315,
_20170319,
_20170325,
_20170403,
_20170427,
_20170506,
_20170516,
_20170209,
_20170510,
_20170517,
_20170518,
_20170519,
_20170601,
_20170619,
_20170626,
_20170629,
_20170630,
_20170704,
_20170725,
_20170726,
_20170805,
_20170816,
_20170817,
_20170820,
_20170831,
_20170903,
_20170905,
_20170907,
_20170912,
_20171011,
_20171115,
_20171209,
_20180109,
_20180112,
_20180121,
_20180128,
_20180129,
_20180202,
_20180208,
_20180216,
_20180217,
_20180228,
_20180306,
_20180314,
_20180317,
_20180321,
_20180324,
_20180428,
_20180504,
_20180509,
_20180512,
_20180516,
_20180519,
_20180528,
_20180603,
_20180625,
_20180629,
_20180724,
_20180727,
_20180728,
_20180803,
_20180806,
_20180808,
_20180813,
_20170723,
_20180404,
_20180815,
_20180816,
_20180822,
_20180829,
_20180905,
_20180906,
_20180911,
_20180913,
_20180921,
_20180924,
_20181001,
_20181005,
_20181008,
_20181017,
_20181108,
_20181109,
_20181122,
_20181128,
_20181207,
_20181219,
_20181222,
_20181224,
_20190101,
_20190104,
_20190107,
_20190130,
_20190208,
_20190218,
_20190303,
_20190311,
_20190328,
_20190406,
_20190412,
_20190417,
_20190424,
_20190513,
_20190524,
_20190606,
_20190713,
_20190808,
_20190819,
_20190821,
_20190829,
_20190904,
_20190909,
_20190918,
_20190921,
_20190924,
_20191009,
_20191014,
_20191017,
_20191103,
_20191116,
_20191201,
_20191212,
_20191221,
_20200111,
_20191209,
_20200120,
_20200202,
_20200204,
_20200205,
_20200208,
_20200212,
_20200213,
_20200224,
_20200308,
_20200311,
_20200326,
_20200327,
_20200412,
_20200416,
_20200419,
_20200422,
_20200425,
_20200501,
_20200509,
_20200516,
_20200518,
_20200601,
_20200603,
_20200625,
_20200702,
_20200704,
_20200710,
_20200820,
_20200827,
_20200905,
_20200907,
_20200908,
_20200916,
_20200917,
_20200923,
_20200928,
_20201001,
_20201014,
_20201024,
_20201028,
_20201103,
_20201108,
_20201110,
_20201116,
_20201130,
_20201208,
_20201209,
_20201212,
_20201216,
_20201221,
_20210102,
_20210106,
_20210107,
_20210110,
_20210112,
_20210124,
_20210210,
_20210223,
_20210228,
_20210313,
_20210316,
_20210324,
_20210402,
_20210404,
_20210419,
_20210505,
_20210516,
_20210530,
_20210607,
_20210609,
_20210615,
_20210628,
_20210629,
_20210712,
_20210803,
_20210806,
_20210815,
_20210818,
_20210820,
_20210910,
_20210911,
_20210912,
_20210927,
_20211022,
_20211024,
_20211107,
_20211113,
_20211206,
_20211210,
_20211227,
_20220203,
_20220205,
_20220227,
_20220304,
_20220310,
_20220311,
_20220322,
_20220325,
_20220328,
_20220413,
_20220417,
_20220419,
_20220425,
_20220508,
_20130817,
_20150118,
_20150906,
_20150926,
_20160401,
_20160601,
_20161114,
_20161128,
_20170204,
_20170318,
_20170404,
_20170413,
_20170425,
_20170807,
_20171210,
_20180618,
_20180630,
_20180730,
_20181030,
_20181111,
_20190123,
_20190305,
_20190320,
_20190512,
_20190607,
_20190611,
_20190613,
_20190903,
_20190916,
_20191122,
_20191230,
_20200117,
_20200214,
_20200426,
_20200506,
_20200701,
_20200831,
_20201112,
_20201215,
_20210103,
_20210113,
_20210202,
_20210226,
_20210305,
_20210411,
_20210504,
_20210521,
_20210824,
_20210906,
_20210924,
_20211126,
_20211209,
_20220128,
_20220220,
_20220327,
_20220331,
_20220414,
_20220423,
_20220430,
_20220505,
_20220507,
_20170105,
_20170128,
_20190504,
_20191006,
_20200705,
_20211012,
_20220126,
_20220518,
_20220519,
_20220526,
_20220529,
_20220530,
_20220605,
_20220608,
_20220617,
_20220625,
_20220629,
_20220630,
_20220705,
_20220707,
_20220713,
_20220717,
_20220719,
_20220726,
_20220729,
_20220731,
_20220804,
_20220807,
_20220816,
_20220818,
_20220819,
_20220820,
_20220824,
_20220826,
_20220827,
_20220830,
_20220905,
_20220914,
_20220918,
_20220921,
_20220924,
_20220928,
_20220929,
_20220930,
_20221003,
_20221011,
_20221013,
_20221018,
_20221027,
_20221101,
_20221106,
_20221117,
_20221120,
_20221122,
_20221129,
_20221204,
_20221213,
_20221215,
_20221218,
_20221221,
_20221226,
_20221231,
_20230107,
_20230119,
_20220702,
_20230121,
_20230128,
_20230201,
_20230205,
_20230207,
_20230218,
_20230303,
_20230304,
_20230305,
_20230308,
_20230311,
_20230313,
_20230314,
_20230316,
_20230321,
_20230324,
_20230329,
_20230407,
_20230410,
_20230425,
_20230505,
_20230509,
_20230514,
_20230516,
_20230529,
_20230601,
_20230604,
_20230613,
_20230617,
_20230618,
_20230629,
_20230701,
_20230707,
_20230708,
_20230709,
_20230710,
_20230711,
_20230714,
_20230715,
_20230719,
_20230727,
_20230728,
_20230805,
_20230811,
_20230812,
_20230815,
_20230821,
_20230825,
_20230826,
_20230829,
_20230906,
_20230911,
_20230912,
_20230924,
_20230925,
_20230928,
_20231005,
_20231013,
_20231016,
_20231021,
_20231024,
_20231102,
_20231103,
_20231110,
_20231115,
_20231124,
_20231127,
_20231205,
_20240120,
_20240124,
_20240125,
_20240126,
_20240207,
_20240209,
_20240210,
_20240216,
_20240220,
_20240221,
_20240222,
_20240224,
_20240227,
_20240228,
_20240301,
_20240305,
_20240306,
_20240307,
_20240314,
_20240319,
_20240320,
_20240325,
_20240327,
_20240329,
_20240330,
_20240331,
_20240401,
_20240405,
_20240408,
_20240413,
_20240416,
_20240502,
_20240505,
_20240508,
_20240515,
_20240518,
_20240523,
_20240527,
_20240528,
_20240606,
_20240613,
_20240617,
_20240620,
_20240626,
_20240628,
_20240723,
_20240731,
_20240803,
_20240806,
_20240807,
_20240809,
_20240818,
_20240820,
_20240824,
_20240827,
_20240902,
_20240906,
_20240908,
_20240914,
_20240916,
_20240921,
_20241001,
_20241003,
_20241006,
_20241007,
_20241010,
_20241014,
_20241015,
_20241017,
_20230527,
_20230827,
_20240605,
_20240612,
_20240712,
_20240714,
_20241021,
_20241005,
_20110216,
_20110220,
_20110222,
_20110223,
_20110226,
_20110306,
_20110311,
_20110312,
_20110329,
_20110403,
_20110407,
_20110409,
_20110411,
_20110501,
_20110608,
_20110614,
_20110703,
_20111006,
_20111010,
_20111031,
_20110217,
_20110402,
_20110422,
_20110429,
_20110502,
_20110513,
_20110519,
_20110619,
_20110708,
_20110715,
_20110728,
_20110821,
_20110822,
_20111011,
_20111122,
_20120109,
_20120203,
_20120622,
_20110427,
_20110628,
_20110802,
_20110812,
_20110506,
_20110509,
_20110526,
_20110602,
_20110610,
_20110713,
_20110819,
_20110915,
_20111226,
_20111230,
_20120124,
_20120315,
_20120511,
_20110423,
_20111108,
_20110510,
_20110528,
_20110601,
_20110701,
_20110704,
_20110705,
_20110712,
_20110714,
_20110724,
_20110725,
_20110803,
_20110809,
_20110815,
_20110818,
_20110827,
_20110914,
_20111009,
_20111015,
_20111023,
_20111024,
_20111028,
_20111101,
_20111105,
_20111110,
_20111111,
_20111201,
_20111206,
_20111216,
_20120108,
_20120126,
_20120204,
_20120216,
_20120223,
_20120312,
_20120317,
_20120325,
_20120328,
_20120403,
_20120406,
_20120410,
_20120411,
_20120412,
_20120415,
_20120421,
_20120430,
_20120510,
_20120516,
_20120527,
_20110903,
_20110908,
_20111016,
_20111027,
_20120103,
_20120104,
_20120211,
_20120227,
_20120303,
_20120212,
_20120612,
_20120620,
_20120709,
_20120718,
_20120723,
_20120726,
_20120727,
_20120807,
_20120808,
_20120821,
_20120822,
_20120901,
_20120904,
_20120905,
_20120910,
_20120927,
_20120930,
_20121003,
_20121018,
_20121109,
_20121112,
_20121113,
_20121120,
_20121130,
_20121211,
_20121219,
_20121222,
_20121226,
_20130102,
_20130210,
_20130219,
_20130310,
_20130315,
_20130322,
_20130413,
_20130420,
_20130423,
_20130427,
_20130430,
_20130511,
_20130608,
_20130613,
_20130629,
_20130701,
_20130719,
_20130904,
_20130910,
_20130913,
_20131020,
_20131022,
_20120911,
_20120925,
_20130123,
_20130212,
_20130305,
_20130325,
_20131009,
_20140108,
_20140208,
_20140213,
_20140605,
_20140623,
_20140723,
_20140727,
_20140820,
_20140901,
_20140907,
_20141025,
_20141105,
_20141205,
_20141220,
_20150113,
_20150124,
_20150312,
_20150319,
_20150402,
_20150428,
_20150526,
_20150610,
_20150621,
_20150718,
_20151029,
_20151114,
_20151127,
_20151216,
_20151217,
_20160130,
_20160313,
_20160331,
_20160813,
_20170526,
_20170825,
_20110706,
_20111214,
_20111229,
_20120113,
_20120118,
_20120201,
_20120217,
_20120219,
_20120225,
_20120229,
_20120301,
_20120324,
_20120329,
_20120408,
_20120409,
_20120425,
_20120429,
_20120504,
_20120513,
_20120524,
_20120531,
_20141022,
_20150507,
_20120606,
_20120701,
_20120724,
_20120826,
_20120912,
_20120913,
_20121014,
_20121017,
_20121027,
_20121102,
_20121114,
_20121127,
_20121207,
_20121220,
_20121227,
_20121228,
_20121229,
_20130111,
_20130115,
_20130203,
_20130214,
_20130215,
_20130217,
_20130220,
_20130303,
_20130307,
_20130309,
_20130314,
_20130410,
_20130419,
_20130429,
_20130502,
_20130508,
_20130516,
_20130517,
_20130521,
_20130528,
_20130605,
_20130606,
_20130617,
_20130619,
_20130622,
_20130623,
_20130702,
_20130707,
_20130712,
_20130715,
_20130727,
_20130728,
_20130810,
_20130824,
_20130827,
_20130903,
_20130503,
_20130717,
_20130805,
_20130920,
_20130926,
_20130927,
_20131015,
_20131019,
_20131030,
_20131107,
_20131121,
_20131205,
_20131206,
_20131213,
_20131220,
_20140109,
_20140110,
_20140113,
_20140114,
_20140115,
_20140116,
_20140118,
_20140202,
_20140207,
_20140317,
_20140318,
_20140325,
_20140328,
_20140403,
_20140507,
_20140509,
_20140520,
_20140527,
_20140530,
_20140607,
_20140618,
_20140622,
_20140709,
_20140719,
_20140725,
_20140817,
_20140818,
_20140822,
_20140903,
_20140905,
_20140923,
_20140927,
_20141009,
_20141101,
_20141115,
_20141124,
_20141126,
_20141128,
_20141129,
_20141202,
_20141203,
_20141225,
_20141230,
_20150116,
_20150129,
_20140406,
_20150117,
_20150131,
_20150205,
_20150206,
_20150209,
_20150215,
_20150216,
_20150218,
_20150225,
_20150226,
_20150228,
_20150308,
_20150313,
_20150314,
_20150324,
_20150326,
_20150327,
_20150404,
_20150409,
_20150421,
_20150504,
_20150509,
_20150515,
_20150517,
_20150518,
_20150522,
_20150531,
_20150611,
_20150624,
_20150630,
_20150715,
_20150727,
_20150814,
_20150819,
_20150820,
_20150825,
_20150827,
_20150828,
_20150910,
_20150912,
_20150929,
_20151007,
_20151014,
_20151016,
_20151024,
_20151028,
_20151104,
_20151111,
_20151126,
_20151208,
_20151220,
_20151223,
_20151225,
_20151226,
_20160113,
_20160220,
_20160302,
_20151011,
_20160311,
_20160312,
_20160327,
_20160402,
_20160408,
_20160414,
_20160419,
_20160426,
_20160505,
_20160508,
_20160509,
_20160608,
_20160617,
_20160628,
_20160706,
_20160708,
_20160717,
_20160725,
_20160802,
_20160809,
_20160811,
_20160822,
_20160827,
_20160921,
_20161010,
_20161021,
_20161102,
_20161116,
_20161119,
_20161201,
_20161212,
_20161220,
_20161227,
_20161228,
_20170101,
_20170109,
_20170118,
_20170201,
_20170215,
_20170314,
_20170317,
_20170324,
_20170406,
_20170412,
_20170419,
_20170420,
_20170505,
_20170508,
_20170511,
_20170527,
_20170606,
_20170612,
_20170618,
_20170628,
_20170710,
_20161126,
_20170509,
_20170528,
_20170916,
_20171001,
_20171014,
_20171017,
_20171023,
_20171025,
_20171103,
_20171107,
_20171108,
_20171116,
_20171119,
_20171127,
_20171216,
_20180124,
_20180205,
_20180209,
_20180224,
_20180405,
_20180414,
_20180422,
_20180426,
_20180613,
_20180704,
_20180705,
_20180710,
_20180826,
_20180912,
_20181019,
_20181102,
_20181113,
_20181120,
_20181121,
_20181127,
_20181214,
_20181227,
_20190122,
_20190125,
_20190201,
_20190212,
_20190226,
_20190302,
_20190403,
_20190427,
_20190505,
_20190529,
_20190710,
_20190723,
_20190729,
_20190803,
_20190812,
_20190822,
_20190824,
_20190905,
_20190928,
_20180418,
_20180729,
_20181010,
_20191019,
_20191023,
_20191113,
_20191114,
_20191123,
_20191222,
_20200113,
_20200121,
_20200123,
_20200222,
_20200225,
_20200302,
_20200309,
_20200310,
_20200324,
_20200502,
_20200507,
_20200508,
_20200528,
_20200617,
_20200809,
_20200818,
_20200912,
_20201008,
_20201011,
_20201012,
_20201025,
_20201104,
_20201118,
_20201127,
_20201214,
_20210114,
_20210117,
_20210125,
_20210222,
_20210227,
_20210301,
_20210317,
_20210425,
_20210502,
_20210617,
_20210620,
_20210624,
_20210705,
_20210706,
_20210721,
_20210926,
_20211010,
_20211018,
_20211030,
_20211116,
_20211118,
_20211120,
_20211124,
_20211223,
_20211225,
_20210523,
_20210801,
_20211226,
_20211228,
_20220104,
_20220120,
_20220122,
_20220215,
_20220223,
_20220303,
_20220409,
_20120508,
_20120518,
_20120523,
_20130225,
_20130403,
_20130620,
_20130621,
_20130812,
_20130916,
_20130921,
_20131012,
_20131118,
_20131127,
_20131130,
_20131208,
_20131226,
_20140201,
_20140204,
_20140205,
_20140209,
_20140214,
_20140401,
_20140416,
_20140506,
_20140523,
_20140531,
_20140603,
_20140608,
_20140615,
_20140626,
_20140708,
_20140729,
_20140806,
_20140830,
_20140909,
_20141005,
_20141012,
_20141208,
_20141219,
_20150112,
_20150212,
_20150321,
_20150329,
_20150418,
_20150612,
_20150703,
_20150830,
_20150831,
_20150902,
_20150914,
_20150920,
_20150924,
_20151003,
_20151008,
_20151009,
_20151023,
_20151123,
_20151212,
_20151229,
_20151230,
_20160125,
_20160127,
_20160206,
_20160209,
_20160214,
_20160217,
_20160308,
_20160403,
_20160406,
_20160420,
_20160429,
_20160502,
_20160519,
_20160527,
_20160606,
_20160616,
_20160627,
_20160630,
_20160704,
_20160718,
_20160726,
_20160728,
_20160730,
_20160731,
_20160801,
_20160823,
_20160826,
_20160913,
_20161001,
_20161004,
_20161101,
_20161104,
_20161113,
_20161117,
_20161118,
_20161204,
_20170107,
_20170112,
_20170114,
_20170126,
_20170129,
_20170210,
_20170211,
_20170214,
_20170223,
_20170207,
_20170401,
_20170416,
_20170429,
_20170520,
_20170524,
_20170531,
_20170604,
_20170613,
_20170617,
_20170713,
_20170716,
_20170731,
_20170809,
_20170822,
_20170823,
_20170826,
_20170827,
_20170830,
_20170909,
_20170917,
_20170919,
_20170922,
_20170924,
_20171002,
_20171004,
_20171009,
_20171015,
_20171021,
_20171110,
_20171113,
_20171129,
_20171223,
_20171225,
_20180104,
_20180108,
_20180114,
_20180115,
_20180117,
_20180131,
_20180204,
_20180207,
_20180213,
_20180305,
_20180307,
_20180311,
_20180322,
_20180329,
_20180408,
_20180510,
_20180511,
_20180514,
_20180524,
_20180526,
_20180529,
_20180612,
_20180319,
_20180506,
_20180719,
_20180804,
_20180807,
_20180818,
_20180831,
_20180915,
_20180919,
_20180929,
_20180930,
_20181002,
_20181012,
_20181020,
_20181021,
_20181025,
_20181106,
_20181110,
_20181115,
_20181130,
_20181203,
_20181204,
_20181212,
_20181215,
_20181218,
_20181220,
_20181229,
_20190103,
_20190105,
_20190109,
_20190111,
_20190113,
_20190116,
_20190119,
_20190204,
_20190214,
_20190220,
_20190225,
_20190227,
_20190310,
_20190314,
_20190315,
_20190321,
_20190322,
_20190327,
_20190329,
_20190430,
_20190502,
_20190506,
_20190507,
_20190514,
_20190518,
_20190526,
_20190530,
_20190531,
_20190614,
_20190620,
_20190625,
_20190630,
_20190707,
_20190717,
_20190728,
_20190815,
_20190820,
_20190823,
_20190831,
_20190906,
_20190908,
_20190910,
_20190913,
_20190914,
_20190917,
_20190925,
_20190929,
_20191003,
_20191011,
_20191013,
_20191018,
_20191022,
_20191024,
_20191025,
_20191029,
_20191101,
_20191107,
_20191109,
_20191112,
_20191120,
_20191127,
_20191203,
_20191205,
_20191213,
_20191218,
_20191225,
_20200103,
_20200106,
_20200115,
_20200116,
_20200119,
_20200124,
_20200127,
_20200211,
_20200215,
_20200223,
_20200227,
_20200304,
_20200305,
_20200313,
_20200315,
_20200319,
_20200322,
_20200329,
_20200404,
_20200411,
_20200413,
_20200428,
_20200523,
_20200303,
_20200529,
_20200531,
_20200608,
_20200613,
_20200618,
_20200619,
_20200626,
_20200706,
_20200708,
_20200711,
_20200713,
_20200716,
_20200718,
_20200719,
_20200720,
_20200722,
_20200727,
_20200728,
_20200729,
_20200801,
_20200802,
_20200805,
_20200811,
_20200812,
_20200815,
_20200910,
_20200918,
_20200921,
_20200922,
_20201015,
_20201016,
_20201030,
_20201031,
_20201101,
_20201106,
_20201109,
_20201113,
_20201117,
_20201120,
_20201126,
_20201201,
_20201211,
_20201213,
_20201218,
_20201228,
_20210116,
_20210119,
_20210126,
_20210205,
_20210206,
_20210212,
_20210225,
_20210302,
_20210327,
_20210406,
_20210424,
_20210515,
_20210529,
_20210603,
_20210608,
_20210619,
_20210626,
_20210701,
_20210708,
_20210714,
_20210720,
_20210725,
_20210808,
_20210825,
_20210831,
_20210902,
_20210905,
_20210916,
_20210921,
_20210923,
_20210929,
_20211005,
_20211008,
_20211019,
_20211110,
_20211125,
_20211128,
_20211202,
_20211204,
_20211211,
_20211212,
_20211213,
_20211217,
_20211230,
_20220113,
_20220123,
_20220210,
_20220212,
_20220222,
_20220226,
_20220302,
_20220312,
_20220313,
_20220314,
_20220315,
_20220402,
_20220403,
_20220408,
_20220416,
_20130525,
_20151010,
_20160323,
_20160613,
_20160831,
_20170226,
_20170915,
_20171020,
_20171029,
_20210821,
_20211031,
_20180220,
_20180303,
_20180316,
_20180406,
_20180523,
_20180716,
_20180901,
_20180902,
_20181003,
_20181201,
_20190129,
_20190131,
_20190325,
_20190503,
_20190726,
_20190926,
_20191001,
_20191031,
_20191208,
_20191214,
_20191219,
_20200118,
_20200808,
_20200926,
_20201010,
_20201111,
_20201115,
_20201124,
_20201128,
_20201202,
_20201204,
_20201219,
_20201225,
_20210209,
_20210224,
_20210307,
_20210310,
_20210407,
_20210415,
_20210416,
_20210423,
_20210519,
_20210807,
_20210813,
_20210819,
_20211006,
_20211007,
_20211009,
_20211111,
_20211224,
_20220111,
_20220308,
_20220415,
_20181031,
_20190603,
_20190919,
_20210122,
_20210405,
_20211201,
_20220125,
_20220504,
_20220506,
_20210526,
_20220516,
_20220520,
_20220522,
_20220524,
_20220525,
_20220531,
_20220606,
_20220609,
_20220611,
_20220615,
_20220616,
_20220621,
_20220624,
_20220701,
_20220706,
_20220708,
_20220710,
_20220712,
_20220714,
_20220716,
_20220721,
_20220723,
_20220724,
_20220727,
_20220730,
_20220802,
_20220803,
_20220809,
_20220810,
_20220813,
_20220814,
_20220825,
_20220907,
_20220910,
_20220911,
_20220913,
_20220922,
_20220923,
_20220926,
_20221001,
_20221005,
_20221016,
_20221020,
_20221022,
_20221023,
_20221026,
_20221030,
_20221031,
_20221108,
_20221110,
_20221111,
_20221114,
_20221115,
_20221118,
_20221121,
_20221123,
_20221124,
_20221126,
_20221128,
_20221201,
_20221203,
_20221206,
_20221208,
_20221209,
_20221211,
_20221220,
_20221225,
_20221227,
_20221230,
_20230102,
_20230103,
_20230113,
_20230118,
_20230127,
_20230129,
_20230214,
_20230216,
_20230217,
_20230223,
_20230310,
_20230317,
_20230323,
_20230325,
_20230401,
_20230405,
_20230412,
_20230419,
_20230421,
_20230424,
_20230502,
_20230506,
_20230507,
_20230511,
_20230513,
_20230519,
_20230521,
_20230530,
_20230605,
_20230610,
_20230611,
_20230612,
_20230616,
_20230621,
_20230622,
_20230623,
_20230625,
_20230626,
_20230630,
_20230703,
_20230705,
_20230712,
_20230713,
_20230716,
_20230721,
_20230722,
_20230724,
_20230726,
_20230807,
_20230809,
_20230813,
_20230814,
_20230816,
_20230828,
_20230901,
_20230904,
_20230916,
_20230917,
_20230918,
_20230921,
_20231010,
_20231012,
_20231014,
_20231017,
_20231020,
_20231030,
_20231105,
_20231108,
_20231113,
_20231116,
_20231117,
_20231119,
_20231121,
_20231128,
_20231130,
_20231203,
_20231208,
_20240101,
_20240106,
_20240114,
_20240115,
_20240116,
_20240123,
_20240130,
_20240205,
_20240214,
_20240218,
_20240219,
_20240229,
_20240303,
_20240308,
_20240312,
_20240322,
_20240402,
_20240411,
_20240417,
_20240419,
_20240420,
_20240429,
_20240430,
_20240501,
_20240504,
_20240509,
_20240514,
_20240517,
_20240521,
_20240530,
_20240603,
_20240604,
_20240610,
_20240611,
_20240616,
_20240623,
_20240625,
_20240627,
_20240630,
_20240702,
_20240707,
_20240709,
_20240715,
_20240717,
_20240720,
_20240724,
_20240726,
_20240729,
_20240802,
_20240811,
_20240814,
_20240816,
_20240822,
_20240823,
_20240826,
_20240829,
_20240901,
_20240903,
_20240905,
_20240915,
_20240924,
_20241011,
_20241012,
_20241018,
_20241022,
_20221103,
_20230222,
_20230403,
_20230508,
_20230607,
_20230817,
_20230822,
_20231004,
_20231015,
_20231209,
_20240122,
_20240406,
_20240608,
_20240706,
_20240828,
